id;first_name;last_name;date_of_birth;phone_number
1;Chelsey;Wyman;California heuristic program;Investment Security
2;Dee;Thompson;pricing;Auto
3;Brando;Johnson;Implementation Consultant Kong;Rubber Chile
4;Delmer;Goodwin;synthesize Directives;online
5;Conrad;Stiedemann;partnerships Uzbekistan intelligence;Ergonomic Generic bluetooth
6;Edward;Schumm;Front-line;quantifying transmit
7;Issac;Feest;primary;Renminbi plum
8;Olen;Prohaska;Lilangeni;Chair Directives
9;Grace;Murazik;invoice Tuna Pine;Rhode Handcrafted
10;Santina;Heaney;Concrete;bypass Hat Berkshire
